<?xml version="1.0" encoding="UTF-8"?>
<project-private xmlns="http://www.netbeans.org/ns/project-private/1">
    <editor-bookmarks xmlns="http://www.netbeans.org/ns/editor-bookmarks/2" lastBookmarkId="0"/>
    <open-files xmlns="http://www.netbeans.org/ns/projectui-open-files/2">
        <group>
            <file>file:/D:/exam/PE_PRJ301_SP23_195206/PaperNo_10/1/PE_PRJ301_SPRING23/src/java/pe/spring23/shopping/DAO.java</file>
            <file>file:/D:/exam/PE_PRJ301_SP23_195206/PaperNo_10/1/PE_PRJ301_SPRING23/web/viewCart.jsp</file>
            <file>file:/D:/exam/PE_PRJ301_SP23_195206/PaperNo_10/1/PE_PRJ301_SPRING23/src/java/pe/spring23/shopping/CART.java</file>
            <file>file:/D:/exam/PE_PRJ301_SP23_195206/PaperNo_10/1/PE_PRJ301_SPRING23/src/java/pe/spring23/controllers/MainController.java</file>
            <file>file:/D:/exam/PE_PRJ301_SP23_195206/PaperNo_10/1/PE_PRJ301_SPRING23/web/shopping.jsp</file>
        </group>
    </open-files>
</project-private>
