<?xml version="1.0" encoding="UTF-8"?>
<project-private xmlns="http://www.netbeans.org/ns/project-private/1">
    <editor-bookmarks xmlns="http://www.netbeans.org/ns/editor-bookmarks/2" lastBookmarkId="0"/>
    <open-files xmlns="http://www.netbeans.org/ns/projectui-open-files/2">
        <group>
            <file>file:/D:/Code_PRJ301/Assignment/FlowerManagement/src/java/namtn/controllers/MainController.java</file>
            <file>file:/D:/Code_PRJ301/Assignment/FlowerManagement/src/java/namtn/dto/Account.java</file>
            <file>file:/D:/Code_PRJ301/Assignment/FlowerManagement/web/welcome.jsp</file>
            <file>file:/D:/Code_PRJ301/Assignment/FlowerManagement/web/registration.jsp</file>
            <file>file:/D:/Code_PRJ301/Assignment/FlowerManagement/src/java/namtn/controllers/SearchAccountsServlet.java</file>
            <file>file:/D:/Code_PRJ301/Assignment/FlowerManagement/src/java/namtn/controllers/SearchServlet.java</file>
            <file>file:/D:/Code_PRJ301/Assignment/FlowerManagement/src/java/namtn/dao/AccountDAO.java</file>
            <file>file:/D:/Code_PRJ301/Assignment/FlowerManagement/web/index.jsp</file>
            <file>file:/D:/Code_PRJ301/Assignment/FlowerManagement/src/java/namtn/dto/Order.java</file>
            <file>file:/D:/Code_PRJ301/Assignment/FlowerManagement/src/java/namtn/controllers/SortOrdersServlet.java</file>
            <file>file:/D:/Code_PRJ301/Assignment/FlowerManagement/src/java/namtn/controllers/DeleteCartServlet.java</file>
            <file>file:/D:/Code_PRJ301/Assignment/FlowerManagement/src/java/namtn/controllers/UpdateOrderServlet.java</file>
            <file>file:/D:/Code_PRJ301/Assignment/FlowerManagement/src/java/namtn/utils/DBUtils.java</file>
            <file>file:/D:/Code_PRJ301/Assignment/FlowerManagement/src/java/namtn/controllers/SaveShoppingCartServlet.java</file>
            <file>file:/D:/Code_PRJ301/Assignment/FlowerManagement/web/orderDetail.jsp</file>
            <file>file:/D:/Code_PRJ301/Assignment/FlowerManagement/web/viewCart.jsp</file>
            <file>file:/D:/Code_PRJ301/Assignment/FlowerManagement/src/java/namtn/controllers/UpdateStatusAccountServlet.java</file>
            <file>file:/D:/Code_PRJ301/Assignment/FlowerManagement/web/viewPlant.jsp</file>
            <file>file:/D:/Code_PRJ301/Assignment/FlowerManagement/src/java/namtn/controllers/AddToCartServlet.java</file>
            <file>file:/D:/Code_PRJ301/Assignment/FlowerManagement/src/java/namtn/controllers/LogoutServlet.java</file>
            <file>file:/D:/Code_PRJ301/Assignment/FlowerManagement/web/header_Login.jsp</file>
            <file>file:/D:/Code_PRJ301/Assignment/FlowerManagement/src/java/namtn/dto/Plant.java</file>
            <file>file:/D:/Code_PRJ301/Assignment/FlowerManagement/src/java/namtn/controllers/RegisterServlet.java</file>
            <file>file:/D:/Code_PRJ301/Assignment/FlowerManagement/src/java/namtn/dao/OrderDAO.java</file>
            <file>file:/D:/Code_PRJ301/Assignment/FlowerManagement/web/login.jsp</file>
            <file>file:/D:/Code_PRJ301/Assignment/FlowerManagement/src/java/namtn/controllers/LoginServlet.java</file>
            <file>file:/D:/Code_PRJ301/Assignment/FlowerManagement/web/search.jsp</file>
            <file>file:/D:/Code_PRJ301/Assignment/FlowerManagement/src/java/namtn/controllers/UpdateCartServlet.java</file>
            <file>file:/D:/Code_PRJ301/Assignment/FlowerManagement/src/java/namtn/dto/OrderDetail.java</file>
            <file>file:/D:/Code_PRJ301/Assignment/FlowerManagement/web/changeProfile.jsp</file>
            <file>file:/D:/Code_PRJ301/Assignment/FlowerManagement/src/java/namtn/utils/MyUtils.java</file>
            <file>file:/D:/Code_PRJ301/Assignment/FlowerManagement/web/personalPage.jsp</file>
            <file>file:/D:/Code_PRJ301/Assignment/FlowerManagement/web/WEB-INF/web.xml</file>
            <file>file:/D:/Code_PRJ301/Assignment/FlowerManagement/src/java/namtn/controllers/GetPlantServlet.java</file>
            <file>file:/D:/Code_PRJ301/Assignment/FlowerManagement/src/java/namtn/dao/PlantDAO.java</file>
            <file>file:/D:/Code_PRJ301/Assignment/FlowerManagement/web/admin_header.jsp</file>
            <file>file:/D:/Code_PRJ301/Assignment/FlowerManagement/src/java/namtn/controllers/ManageAccountsServlet.java</file>
        </group>
    </open-files>
</project-private>
